frame,ball_x,ball_y,center_x,center_y,r_raw,theta,r_boundary,r_norm,x_norm,y_norm
top30_f22447_t748.233.jpg,502,1195,573.3995312631084,970.8822551867548,235.216191204531,1.8792110477636417,604.052974457061,0.38939662769156236,-0.11820077754952257,0.37102332789765324
