frame,ball_x,ball_y,center_x,center_y,r_raw,theta,r_boundary,r_norm,x_norm,y_norm
top34_f33993_t1133.100.jpg,338,1074,613.702638551898,920.8397952699977,315.3886383771849,2.634516122541413,485.13465160160104,0.6501053621494042,-0.5683012698351333,0.3157065862461266
